id,stock_class_id
@md-enterprise.0484vrr9wxc74,04q9tp803afi8
@md-enterprise.0484vrra4f18g,04q9tp803afi8
@md-enterprise.0484vrra9etxc,04q9tp803afi8
@md-enterprise.0484vrrabwq9s,04q9tp803afi8
@md-enterprise.0484vrragwiyo,04q9tp803afi8
@md-enterprise.0484vrrajefb4,04q9tp803afi8
@md-enterprise.0484vrraoe800,04q9tp803afi8
@md-enterprise.0484vrraqw4cg,04q9tp803afi8
@md-enterprise.0484vrravvx1c,04q9tp803afi8
@md-enterprise.0484vrrb0vpq8,04q9tp803afi8
@md-enterprise.0484vrrb3dm2o,04q9tp803afi8
@md-enterprise.0484vrrbavb40,04q9tp803afi8
@md-enterprise.0484vrrbdd7gg,04q9tp803afi8
@md-enterprise.0484vrrbid05c,04q9tp803afi8
@md-enterprise.0484vrrbkuwhs,04q9tp803afi8
@md-enterprise.0484vrrbsclj4,04q9tp803afi8
@md-enterprise.0484vrrbuuhvk,04q9tp803afi8
@md-enterprise.0484vrrbzuakg,04q9tp803afi8
@md-enterprise.0484vrrc2c6ww,04q9tp803afi8
@md-enterprise.0484vrrc7bzls,04q9tp803afi8
@md-enterprise.0484vrrccbsao,04q9tp803afi8
@md-enterprise.0484vrrchbkzk,04q9tp803afi8
@md-enterprise.0484vrrcmbdog,04q9tp803afi8
@md-enterprise.0484vrrcrb6dc,04q9tp803afi8
@md-enterprise.0484vrrcwaz28,04q9tp803afi8
@md-enterprise.0484vrrd1arr4,04q9tp803afi8
@md-enterprise.0484vrrd3so3k,04q9tp803afi8
@md-enterprise.0484vrrd8sgsg,04q9tp803afi9
@md-enterprise.0484vrrdds9hc,04q9tp803afi9
@md-enterprise.0484vrrdis268,04q9tp803afi9
@md-enterprise.0484vrrdnruv4,04q9tp803afi9
@md-enterprise.0484vrrdsrnk0,04q9tp803afi9
@md-enterprise.0484vrrdv9jwg,04q9tp803afi9
@md-enterprise.0484vrre09clc,04q9tp803afi9
@md-enterprise.0484vrre2r8xs,04q9tp803afi7
@md-enterprise.0484vrre7r1mo,04q9tp803afi7
@md-enterprise.0484vrrecqubk,04q9tp803afi7
@md-enterprise.0484vrrehqn0g,04q9tp803afi7
@md-enterprise.0484vrremqfpc,04q9tp803afi7
@md-enterprise.0484vrrep8c1s,04q9tp803afi7
